"poll_id","poll_date","institute","sample_size","days_to_election","party","source_col","short_label","display_name","support","color","bloc"
37,2026-01-07,"Indikator",2753,249,"m","M","M","Moderates",18.4,"#1b49a0","tido"
37,2026-01-07,"Indikator",2753,249,"l","L","L","Liberals",2.1,"#006ab3","tido"
37,2026-01-07,"Indikator",2753,249,"c","C","C","Centre Party",3.8,"#009933","opposition"
37,2026-01-07,"Indikator",2753,249,"kd","KD","KD","Christian Democrats",3.9,"#005baa","tido"
37,2026-01-07,"Indikator",2753,249,"s","S","S","Social Democrats",35.2,"#e11931","opposition"
37,2026-01-07,"Indikator",2753,249,"v","V","V","Left Party",7.1,"#da291c","opposition"
37,2026-01-07,"Indikator",2753,249,"mp","MP","MP","Green Party",6.4,"#83cf39","opposition"
37,2026-01-07,"Indikator",2753,249,"sd","SD","SD","Sweden Democrats",21.4,"#ffd500","tido"
37,2026-01-07,"Indikator",2753,249,"oth","oth","Other","Other parties",1.7,"#8a8f98","other"
36,2026-01-14,"Sifo",3238,242,"m","M","M","Moderates",17.5,"#1b49a0","tido"
36,2026-01-14,"Sifo",3238,242,"l","L","L","Liberals",1.8,"#006ab3","tido"
36,2026-01-14,"Sifo",3238,242,"c","C","C","Centre Party",5.5,"#009933","opposition"
36,2026-01-14,"Sifo",3238,242,"kd","KD","KD","Christian Democrats",4.3,"#005baa","tido"
36,2026-01-14,"Sifo",3238,242,"s","S","S","Social Democrats",33.8,"#e11931","opposition"
36,2026-01-14,"Sifo",3238,242,"v","V","V","Left Party",7.2,"#da291c","opposition"
36,2026-01-14,"Sifo",3238,242,"mp","MP","MP","Green Party",6.6,"#83cf39","opposition"
36,2026-01-14,"Sifo",3238,242,"sd","SD","SD","Sweden Democrats",21.3,"#ffd500","tido"
36,2026-01-14,"Sifo",3238,242,"oth","oth","Other","Other parties",2,"#8a8f98","other"
35,2026-01-21,"Novus",2599,235,"m","M","M","Moderates",17.5,"#1b49a0","tido"
35,2026-01-21,"Novus",2599,235,"l","L","L","Liberals",2.4,"#006ab3","tido"
35,2026-01-21,"Novus",2599,235,"c","C","C","Centre Party",4.8,"#009933","opposition"
35,2026-01-21,"Novus",2599,235,"kd","KD","KD","Christian Democrats",4.3,"#005baa","tido"
35,2026-01-21,"Novus",2599,235,"s","S","S","Social Democrats",34.2,"#e11931","opposition"
35,2026-01-21,"Novus",2599,235,"v","V","V","Left Party",6.9,"#da291c","opposition"
35,2026-01-21,"Novus",2599,235,"mp","MP","MP","Green Party",5.5,"#83cf39","opposition"
35,2026-01-21,"Novus",2599,235,"sd","SD","SD","Sweden Democrats",22.5,"#ffd500","tido"
35,2026-01-21,"Novus",2599,235,"oth","oth","Other","Other parties",1.9,"#8a8f98","other"
34,2026-01-28,"Indikator",1828,228,"m","M","M","Moderates",18.9,"#1b49a0","tido"
34,2026-01-28,"Indikator",1828,228,"l","L","L","Liberals",1.4,"#006ab3","tido"
34,2026-01-28,"Indikator",1828,228,"c","C","C","Centre Party",5.3,"#009933","opposition"
34,2026-01-28,"Indikator",1828,228,"kd","KD","KD","Christian Democrats",3.9,"#005baa","tido"
34,2026-01-28,"Indikator",1828,228,"s","S","S","Social Democrats",35.4,"#e11931","opposition"
34,2026-01-28,"Indikator",1828,228,"v","V","V","Left Party",7.5,"#da291c","opposition"
34,2026-01-28,"Indikator",1828,228,"mp","MP","MP","Green Party",4.7,"#83cf39","opposition"
34,2026-01-28,"Indikator",1828,228,"sd","SD","SD","Sweden Democrats",21.4,"#ffd500","tido"
34,2026-01-28,"Indikator",1828,228,"oth","oth","Other","Other parties",1.5,"#8a8f98","other"
33,2026-01-29,"Demoskop",2134,227,"m","M","M","Moderates",17.8,"#1b49a0","tido"
33,2026-01-29,"Demoskop",2134,227,"l","L","L","Liberals",2.6,"#006ab3","tido"
33,2026-01-29,"Demoskop",2134,227,"c","C","C","Centre Party",4.5,"#009933","opposition"
33,2026-01-29,"Demoskop",2134,227,"kd","KD","KD","Christian Democrats",5.4,"#005baa","tido"
33,2026-01-29,"Demoskop",2134,227,"s","S","S","Social Democrats",33.1,"#e11931","opposition"
33,2026-01-29,"Demoskop",2134,227,"v","V","V","Left Party",7.4,"#da291c","opposition"
33,2026-01-29,"Demoskop",2134,227,"mp","MP","MP","Green Party",6.1,"#83cf39","opposition"
33,2026-01-29,"Demoskop",2134,227,"sd","SD","SD","Sweden Democrats",20.8,"#ffd500","tido"
33,2026-01-29,"Demoskop",2134,227,"oth","oth","Other","Other parties",2.3,"#8a8f98","other"
31,2026-01-31,"Ipsos",1868,225,"m","M","M","Moderates",18,"#1b49a0","tido"
32,2026-01-31,"Sentio",757,225,"m","M","M","Moderates",15.6,"#1b49a0","tido"
31,2026-01-31,"Ipsos",1868,225,"l","L","L","Liberals",2,"#006ab3","tido"
32,2026-01-31,"Sentio",757,225,"l","L","L","Liberals",1.7,"#006ab3","tido"
31,2026-01-31,"Ipsos",1868,225,"c","C","C","Centre Party",5,"#009933","opposition"
32,2026-01-31,"Sentio",757,225,"c","C","C","Centre Party",4.1,"#009933","opposition"
31,2026-01-31,"Ipsos",1868,225,"kd","KD","KD","Christian Democrats",4,"#005baa","tido"
32,2026-01-31,"Sentio",757,225,"kd","KD","KD","Christian Democrats",4.7,"#005baa","tido"
31,2026-01-31,"Ipsos",1868,225,"s","S","S","Social Democrats",34,"#e11931","opposition"
32,2026-01-31,"Sentio",757,225,"s","S","S","Social Democrats",33.1,"#e11931","opposition"
31,2026-01-31,"Ipsos",1868,225,"v","V","V","Left Party",8,"#da291c","opposition"
32,2026-01-31,"Sentio",757,225,"v","V","V","Left Party",7.7,"#da291c","opposition"
31,2026-01-31,"Ipsos",1868,225,"mp","MP","MP","Green Party",6,"#83cf39","opposition"
32,2026-01-31,"Sentio",757,225,"mp","MP","MP","Green Party",5.4,"#83cf39","opposition"
31,2026-01-31,"Ipsos",1868,225,"sd","SD","SD","Sweden Democrats",21,"#ffd500","tido"
32,2026-01-31,"Sentio",757,225,"sd","SD","SD","Sweden Democrats",25.5,"#ffd500","tido"
31,2026-01-31,"Ipsos",1868,225,"oth","oth","Other","Other parties",2,"#8a8f98","other"
32,2026-01-31,"Sentio",757,225,"oth","oth","Other","Other parties",2.2,"#8a8f98","other"
30,2026-02-12,"Sifo",3000,213,"m","M","M","Moderates",18.2,"#1b49a0","tido"
30,2026-02-12,"Sifo",3000,213,"l","L","L","Liberals",2,"#006ab3","tido"
30,2026-02-12,"Sifo",3000,213,"c","C","C","Centre Party",4.6,"#009933","opposition"
30,2026-02-12,"Sifo",3000,213,"kd","KD","KD","Christian Democrats",5.6,"#005baa","tido"
30,2026-02-12,"Sifo",3000,213,"s","S","S","Social Democrats",34.3,"#e11931","opposition"
30,2026-02-12,"Sifo",3000,213,"v","V","V","Left Party",7.4,"#da291c","opposition"
30,2026-02-12,"Sifo",3000,213,"mp","MP","MP","Green Party",6,"#83cf39","opposition"
30,2026-02-12,"Sifo",3000,213,"sd","SD","SD","Sweden Democrats",20.1,"#ffd500","tido"
30,2026-02-12,"Sifo",3000,213,"oth","oth","Other","Other parties",1.8,"#8a8f98","other"
29,2026-02-18,"Novus",2708,207,"m","M","M","Moderates",17.5,"#1b49a0","tido"
29,2026-02-18,"Novus",2708,207,"l","L","L","Liberals",2.1,"#006ab3","tido"
29,2026-02-18,"Novus",2708,207,"c","C","C","Centre Party",5.2,"#009933","opposition"
29,2026-02-18,"Novus",2708,207,"kd","KD","KD","Christian Democrats",3.8,"#005baa","tido"
29,2026-02-18,"Novus",2708,207,"s","S","S","Social Democrats",34.6,"#e11931","opposition"
29,2026-02-18,"Novus",2708,207,"v","V","V","Left Party",7.4,"#da291c","opposition"
29,2026-02-18,"Novus",2708,207,"mp","MP","MP","Green Party",5.1,"#83cf39","opposition"
29,2026-02-18,"Novus",2708,207,"sd","SD","SD","Sweden Democrats",22.9,"#ffd500","tido"
29,2026-02-18,"Novus",2708,207,"oth","oth","Other","Other parties",1.4,"#8a8f98","other"
28,2026-02-25,"Ipsos",1847,200,"m","M","M","Moderates",17,"#1b49a0","tido"
28,2026-02-25,"Ipsos",1847,200,"l","L","L","Liberals",2,"#006ab3","tido"
28,2026-02-25,"Ipsos",1847,200,"c","C","C","Centre Party",6,"#009933","opposition"
28,2026-02-25,"Ipsos",1847,200,"kd","KD","KD","Christian Democrats",4,"#005baa","tido"
28,2026-02-25,"Ipsos",1847,200,"s","S","S","Social Democrats",33,"#e11931","opposition"
28,2026-02-25,"Ipsos",1847,200,"v","V","V","Left Party",9,"#da291c","opposition"
28,2026-02-25,"Ipsos",1847,200,"mp","MP","MP","Green Party",6,"#83cf39","opposition"
28,2026-02-25,"Ipsos",1847,200,"sd","SD","SD","Sweden Democrats",20,"#ffd500","tido"
28,2026-02-25,"Ipsos",1847,200,"oth","oth","Other","Other parties",3,"#8a8f98","other"
26,2026-02-26,"Demoskop",2391,199,"m","M","M","Moderates",17.2,"#1b49a0","tido"
27,2026-02-26,"Indikator",1736,199,"m","M","M","Moderates",18.8,"#1b49a0","tido"
26,2026-02-26,"Demoskop",2391,199,"l","L","L","Liberals",2.5,"#006ab3","tido"
27,2026-02-26,"Indikator",1736,199,"l","L","L","Liberals",1.3,"#006ab3","tido"
26,2026-02-26,"Demoskop",2391,199,"c","C","C","Centre Party",5.5,"#009933","opposition"
27,2026-02-26,"Indikator",1736,199,"c","C","C","Centre Party",5.3,"#009933","opposition"
26,2026-02-26,"Demoskop",2391,199,"kd","KD","KD","Christian Democrats",5.3,"#005baa","tido"
27,2026-02-26,"Indikator",1736,199,"kd","KD","KD","Christian Democrats",3.8,"#005baa","tido"
26,2026-02-26,"Demoskop",2391,199,"s","S","S","Social Democrats",33.3,"#e11931","opposition"
27,2026-02-26,"Indikator",1736,199,"s","S","S","Social Democrats",35.2,"#e11931","opposition"
26,2026-02-26,"Demoskop",2391,199,"v","V","V","Left Party",6.8,"#da291c","opposition"
27,2026-02-26,"Indikator",1736,199,"v","V","V","Left Party",8.1,"#da291c","opposition"
26,2026-02-26,"Demoskop",2391,199,"mp","MP","MP","Green Party",6.3,"#83cf39","opposition"
27,2026-02-26,"Indikator",1736,199,"mp","MP","MP","Green Party",4.7,"#83cf39","opposition"
26,2026-02-26,"Demoskop",2391,199,"sd","SD","SD","Sweden Democrats",21.2,"#ffd500","tido"
27,2026-02-26,"Indikator",1736,199,"sd","SD","SD","Sweden Democrats",21.3,"#ffd500","tido"
26,2026-02-26,"Demoskop",2391,199,"oth","oth","Other","Other parties",1.9,"#8a8f98","other"
27,2026-02-26,"Indikator",1736,199,"oth","oth","Other","Other parties",1.5,"#8a8f98","other"
25,2026-02-27,"Sentio",792,198,"m","M","M","Moderates",17.2,"#1b49a0","tido"
25,2026-02-27,"Sentio",792,198,"l","L","L","Liberals",2.6,"#006ab3","tido"
25,2026-02-27,"Sentio",792,198,"c","C","C","Centre Party",4.9,"#009933","opposition"
25,2026-02-27,"Sentio",792,198,"kd","KD","KD","Christian Democrats",4.7,"#005baa","tido"
25,2026-02-27,"Sentio",792,198,"s","S","S","Social Democrats",31.3,"#e11931","opposition"
25,2026-02-27,"Sentio",792,198,"v","V","V","Left Party",9,"#da291c","opposition"
25,2026-02-27,"Sentio",792,198,"mp","MP","MP","Green Party",6.7,"#83cf39","opposition"
25,2026-02-27,"Sentio",792,198,"sd","SD","SD","Sweden Democrats",21.7,"#ffd500","tido"
25,2026-02-27,"Sentio",792,198,"oth","oth","Other","Other parties",1.9,"#8a8f98","other"
24,2026-03-12,"Sifo",3226,185,"m","M","M","Moderates",17,"#1b49a0","tido"
24,2026-03-12,"Sifo",3226,185,"l","L","L","Liberals",2.1,"#006ab3","tido"
24,2026-03-12,"Sifo",3226,185,"c","C","C","Centre Party",5.9,"#009933","opposition"
24,2026-03-12,"Sifo",3226,185,"kd","KD","KD","Christian Democrats",5.3,"#005baa","tido"
24,2026-03-12,"Sifo",3226,185,"s","S","S","Social Democrats",32.4,"#e11931","opposition"
24,2026-03-12,"Sifo",3226,185,"v","V","V","Left Party",7.7,"#da291c","opposition"
24,2026-03-12,"Sifo",3226,185,"mp","MP","MP","Green Party",6.5,"#83cf39","opposition"
24,2026-03-12,"Sifo",3226,185,"sd","SD","SD","Sweden Democrats",21.1,"#ffd500","tido"
24,2026-03-12,"Sifo",3226,185,"oth","oth","Other","Other parties",2,"#8a8f98","other"
23,2026-03-20,"Novus",2188,177,"m","M","M","Moderates",17.5,"#1b49a0","tido"
23,2026-03-20,"Novus",2188,177,"l","L","L","Liberals",2.3,"#006ab3","tido"
23,2026-03-20,"Novus",2188,177,"c","C","C","Centre Party",6.3,"#009933","opposition"
23,2026-03-20,"Novus",2188,177,"kd","KD","KD","Christian Democrats",5.1,"#005baa","tido"
23,2026-03-20,"Novus",2188,177,"s","S","S","Social Democrats",32.7,"#e11931","opposition"
23,2026-03-20,"Novus",2188,177,"v","V","V","Left Party",7.5,"#da291c","opposition"
23,2026-03-20,"Novus",2188,177,"mp","MP","MP","Green Party",5.7,"#83cf39","opposition"
23,2026-03-20,"Novus",2188,177,"sd","SD","SD","Sweden Democrats",21,"#ffd500","tido"
23,2026-03-20,"Novus",2188,177,"oth","oth","Other","Other parties",1.9,"#8a8f98","other"
21,2026-03-25,"Ipsos",1739,172,"m","M","M","Moderates",18,"#1b49a0","tido"
22,2026-03-25,"Demoskop",2286,172,"m","M","M","Moderates",17.3,"#1b49a0","tido"
21,2026-03-25,"Ipsos",1739,172,"l","L","L","Liberals",2,"#006ab3","tido"
22,2026-03-25,"Demoskop",2286,172,"l","L","L","Liberals",4.5,"#006ab3","tido"
21,2026-03-25,"Ipsos",1739,172,"c","C","C","Centre Party",6,"#009933","opposition"
22,2026-03-25,"Demoskop",2286,172,"c","C","C","Centre Party",5.9,"#009933","opposition"
21,2026-03-25,"Ipsos",1739,172,"kd","KD","KD","Christian Democrats",4,"#005baa","tido"
22,2026-03-25,"Demoskop",2286,172,"kd","KD","KD","Christian Democrats",5,"#005baa","tido"
21,2026-03-25,"Ipsos",1739,172,"s","S","S","Social Democrats",33,"#e11931","opposition"
22,2026-03-25,"Demoskop",2286,172,"s","S","S","Social Democrats",31.1,"#e11931","opposition"
21,2026-03-25,"Ipsos",1739,172,"v","V","V","Left Party",9,"#da291c","opposition"
22,2026-03-25,"Demoskop",2286,172,"v","V","V","Left Party",7.5,"#da291c","opposition"
21,2026-03-25,"Ipsos",1739,172,"mp","MP","MP","Green Party",6,"#83cf39","opposition"
22,2026-03-25,"Demoskop",2286,172,"mp","MP","MP","Green Party",6.6,"#83cf39","opposition"
21,2026-03-25,"Ipsos",1739,172,"sd","SD","SD","Sweden Democrats",20,"#ffd500","tido"
22,2026-03-25,"Demoskop",2286,172,"sd","SD","SD","Sweden Democrats",19.9,"#ffd500","tido"
21,2026-03-25,"Ipsos",1739,172,"oth","oth","Other","Other parties",2,"#8a8f98","other"
22,2026-03-25,"Demoskop",2286,172,"oth","oth","Other","Other parties",2.2,"#8a8f98","other"
20,2026-03-27,"Sentio",765,170,"m","M","M","Moderates",18,"#1b49a0","tido"
20,2026-03-27,"Sentio",765,170,"l","L","L","Liberals",2.5,"#006ab3","tido"
20,2026-03-27,"Sentio",765,170,"c","C","C","Centre Party",5.1,"#009933","opposition"
20,2026-03-27,"Sentio",765,170,"kd","KD","KD","Christian Democrats",4.8,"#005baa","tido"
20,2026-03-27,"Sentio",765,170,"s","S","S","Social Democrats",31,"#e11931","opposition"
20,2026-03-27,"Sentio",765,170,"v","V","V","Left Party",9,"#da291c","opposition"
20,2026-03-27,"Sentio",765,170,"mp","MP","MP","Green Party",6.6,"#83cf39","opposition"
20,2026-03-27,"Sentio",765,170,"sd","SD","SD","Sweden Democrats",21.3,"#ffd500","tido"
20,2026-03-27,"Sentio",765,170,"oth","oth","Other","Other parties",1.7,"#8a8f98","other"
19,2026-04-01,"Indikator",1831,165,"m","M","M","Moderates",18.4,"#1b49a0","tido"
19,2026-04-01,"Indikator",1831,165,"l","L","L","Liberals",2.2,"#006ab3","tido"
19,2026-04-01,"Indikator",1831,165,"c","C","C","Centre Party",5.7,"#009933","opposition"
19,2026-04-01,"Indikator",1831,165,"kd","KD","KD","Christian Democrats",4.6,"#005baa","tido"
19,2026-04-01,"Indikator",1831,165,"s","S","S","Social Democrats",33.4,"#e11931","opposition"
19,2026-04-01,"Indikator",1831,165,"v","V","V","Left Party",7,"#da291c","opposition"
19,2026-04-01,"Indikator",1831,165,"mp","MP","MP","Green Party",5.7,"#83cf39","opposition"
19,2026-04-01,"Indikator",1831,165,"sd","SD","SD","Sweden Democrats",20.6,"#ffd500","tido"
19,2026-04-01,"Indikator",1831,165,"oth","oth","Other","Other parties",2.4,"#8a8f98","other"
18,2026-04-11,"Sifo",3009,155,"m","M","M","Moderates",16.8,"#1b49a0","tido"
18,2026-04-11,"Sifo",3009,155,"l","L","L","Liberals",2.2,"#006ab3","tido"
18,2026-04-11,"Sifo",3009,155,"c","C","C","Centre Party",6.8,"#009933","opposition"
18,2026-04-11,"Sifo",3009,155,"kd","KD","KD","Christian Democrats",5.7,"#005baa","tido"
18,2026-04-11,"Sifo",3009,155,"s","S","S","Social Democrats",32.7,"#e11931","opposition"
18,2026-04-11,"Sifo",3009,155,"v","V","V","Left Party",7.7,"#da291c","opposition"
18,2026-04-11,"Sifo",3009,155,"mp","MP","MP","Green Party",6.1,"#83cf39","opposition"
18,2026-04-11,"Sifo",3009,155,"sd","SD","SD","Sweden Democrats",20,"#ffd500","tido"
18,2026-04-11,"Sifo",3009,155,"oth","oth","Other","Other parties",2,"#8a8f98","other"
17,2026-04-22,"Novus",5897,144,"m","M","M","Moderates",18.4,"#1b49a0","tido"
17,2026-04-22,"Novus",5897,144,"l","L","L","Liberals",2.9,"#006ab3","tido"
17,2026-04-22,"Novus",5897,144,"c","C","C","Centre Party",6.6,"#009933","opposition"
17,2026-04-22,"Novus",5897,144,"kd","KD","KD","Christian Democrats",4.8,"#005baa","tido"
17,2026-04-22,"Novus",5897,144,"s","S","S","Social Democrats",32.4,"#e11931","opposition"
17,2026-04-22,"Novus",5897,144,"v","V","V","Left Party",7.6,"#da291c","opposition"
17,2026-04-22,"Novus",5897,144,"mp","MP","MP","Green Party",6.1,"#83cf39","opposition"
17,2026-04-22,"Novus",5897,144,"sd","SD","SD","Sweden Democrats",19.8,"#ffd500","tido"
17,2026-04-22,"Novus",5897,144,"oth","oth","Other","Other parties",1.4,"#8a8f98","other"
16,2026-04-28,"Ipsos",1603,138,"m","M","M","Moderates",19,"#1b49a0","tido"
16,2026-04-28,"Ipsos",1603,138,"l","L","L","Liberals",2,"#006ab3","tido"
16,2026-04-28,"Ipsos",1603,138,"c","C","C","Centre Party",6,"#009933","opposition"
16,2026-04-28,"Ipsos",1603,138,"kd","KD","KD","Christian Democrats",5,"#005baa","tido"
16,2026-04-28,"Ipsos",1603,138,"s","S","S","Social Democrats",32,"#e11931","opposition"
16,2026-04-28,"Ipsos",1603,138,"v","V","V","Left Party",9,"#da291c","opposition"
16,2026-04-28,"Ipsos",1603,138,"mp","MP","MP","Green Party",7,"#83cf39","opposition"
16,2026-04-28,"Ipsos",1603,138,"sd","SD","SD","Sweden Democrats",19,"#ffd500","tido"
16,2026-04-28,"Ipsos",1603,138,"oth","oth","Other","Other parties",1,"#8a8f98","other"
15,2026-04-29,"Indikator",1842,137,"m","M","M","Moderates",18.3,"#1b49a0","tido"
15,2026-04-29,"Indikator",1842,137,"l","L","L","Liberals",2.4,"#006ab3","tido"
15,2026-04-29,"Indikator",1842,137,"c","C","C","Centre Party",6.4,"#009933","opposition"
15,2026-04-29,"Indikator",1842,137,"kd","KD","KD","Christian Democrats",5,"#005baa","tido"
15,2026-04-29,"Indikator",1842,137,"s","S","S","Social Democrats",33.6,"#e11931","opposition"
15,2026-04-29,"Indikator",1842,137,"v","V","V","Left Party",7.2,"#da291c","opposition"
15,2026-04-29,"Indikator",1842,137,"mp","MP","MP","Green Party",5.7,"#83cf39","opposition"
15,2026-04-29,"Indikator",1842,137,"sd","SD","SD","Sweden Democrats",19.4,"#ffd500","tido"
15,2026-04-29,"Indikator",1842,137,"oth","oth","Other","Other parties",2,"#8a8f98","other"
14,2026-04-30,"Demoskop",2701,136,"m","M","M","Moderates",16.5,"#1b49a0","tido"
14,2026-04-30,"Demoskop",2701,136,"l","L","L","Liberals",4,"#006ab3","tido"
14,2026-04-30,"Demoskop",2701,136,"c","C","C","Centre Party",5.9,"#009933","opposition"
14,2026-04-30,"Demoskop",2701,136,"kd","KD","KD","Christian Democrats",4.8,"#005baa","tido"
14,2026-04-30,"Demoskop",2701,136,"s","S","S","Social Democrats",33.2,"#e11931","opposition"
14,2026-04-30,"Demoskop",2701,136,"v","V","V","Left Party",7.1,"#da291c","opposition"
14,2026-04-30,"Demoskop",2701,136,"mp","MP","MP","Green Party",7.2,"#83cf39","opposition"
14,2026-04-30,"Demoskop",2701,136,"sd","SD","SD","Sweden Democrats",19.9,"#ffd500","tido"
14,2026-04-30,"Demoskop",2701,136,"oth","oth","Other","Other parties",1.4,"#8a8f98","other"
13,2026-05-14,"Sifo",2991,122,"m","M","M","Moderates",17.2,"#1b49a0","tido"
13,2026-05-14,"Sifo",2991,122,"l","L","L","Liberals",2,"#006ab3","tido"
13,2026-05-14,"Sifo",2991,122,"c","C","C","Centre Party",5.5,"#009933","opposition"
13,2026-05-14,"Sifo",2991,122,"kd","KD","KD","Christian Democrats",5.1,"#005baa","tido"
13,2026-05-14,"Sifo",2991,122,"s","S","S","Social Democrats",32.5,"#e11931","opposition"
13,2026-05-14,"Sifo",2991,122,"v","V","V","Left Party",7.9,"#da291c","opposition"
13,2026-05-14,"Sifo",2991,122,"mp","MP","MP","Green Party",7.9,"#83cf39","opposition"
13,2026-05-14,"Sifo",2991,122,"sd","SD","SD","Sweden Democrats",18.9,"#ffd500","tido"
13,2026-05-14,"Sifo",2991,122,"oth","oth","Other","Other parties",3,"#8a8f98","other"
12,2026-05-20,"Novus",5527,116,"m","M","M","Moderates",18.2,"#1b49a0","tido"
12,2026-05-20,"Novus",5527,116,"l","L","L","Liberals",2.4,"#006ab3","tido"
12,2026-05-20,"Novus",5527,116,"c","C","C","Centre Party",6,"#009933","opposition"
12,2026-05-20,"Novus",5527,116,"kd","KD","KD","Christian Democrats",5.6,"#005baa","tido"
12,2026-05-20,"Novus",5527,116,"s","S","S","Social Democrats",30.9,"#e11931","opposition"
12,2026-05-20,"Novus",5527,116,"v","V","V","Left Party",8.8,"#da291c","opposition"
12,2026-05-20,"Novus",5527,116,"mp","MP","MP","Green Party",7.1,"#83cf39","opposition"
12,2026-05-20,"Novus",5527,116,"sd","SD","SD","Sweden Democrats",19.2,"#ffd500","tido"
12,2026-05-20,"Novus",5527,116,"oth","oth","Other","Other parties",1.8,"#8a8f98","other"
10,2026-05-26,"Ipsos",1686,110,"m","M","M","Moderates",19,"#1b49a0","tido"
11,2026-05-26,"Sentio",778,110,"m","M","M","Moderates",14.6,"#1b49a0","tido"
10,2026-05-26,"Ipsos",1686,110,"l","L","L","Liberals",2,"#006ab3","tido"
11,2026-05-26,"Sentio",778,110,"l","L","L","Liberals",2.3,"#006ab3","tido"
10,2026-05-26,"Ipsos",1686,110,"c","C","C","Centre Party",6,"#009933","opposition"
11,2026-05-26,"Sentio",778,110,"c","C","C","Centre Party",5.7,"#009933","opposition"
10,2026-05-26,"Ipsos",1686,110,"kd","KD","KD","Christian Democrats",5,"#005baa","tido"
11,2026-05-26,"Sentio",778,110,"kd","KD","KD","Christian Democrats",5,"#005baa","tido"
10,2026-05-26,"Ipsos",1686,110,"s","S","S","Social Democrats",32,"#e11931","opposition"
11,2026-05-26,"Sentio",778,110,"s","S","S","Social Democrats",32.4,"#e11931","opposition"
10,2026-05-26,"Ipsos",1686,110,"v","V","V","Left Party",8,"#da291c","opposition"
11,2026-05-26,"Sentio",778,110,"v","V","V","Left Party",8.1,"#da291c","opposition"
10,2026-05-26,"Ipsos",1686,110,"mp","MP","MP","Green Party",6,"#83cf39","opposition"
11,2026-05-26,"Sentio",778,110,"mp","MP","MP","Green Party",7.5,"#83cf39","opposition"
10,2026-05-26,"Ipsos",1686,110,"sd","SD","SD","Sweden Democrats",20,"#ffd500","tido"
11,2026-05-26,"Sentio",778,110,"sd","SD","SD","Sweden Democrats",22.6,"#ffd500","tido"
10,2026-05-26,"Ipsos",1686,110,"oth","oth","Other","Other parties",2,"#8a8f98","other"
11,2026-05-26,"Sentio",778,110,"oth","oth","Other","Other parties",1.8,"#8a8f98","other"
9,2026-05-27,"Indikator",1904,109,"m","M","M","Moderates",17.5,"#1b49a0","tido"
9,2026-05-27,"Indikator",1904,109,"l","L","L","Liberals",2,"#006ab3","tido"
9,2026-05-27,"Indikator",1904,109,"c","C","C","Centre Party",6.3,"#009933","opposition"
9,2026-05-27,"Indikator",1904,109,"kd","KD","KD","Christian Democrats",4.3,"#005baa","tido"
9,2026-05-27,"Indikator",1904,109,"s","S","S","Social Democrats",33.7,"#e11931","opposition"
9,2026-05-27,"Indikator",1904,109,"v","V","V","Left Party",7.8,"#da291c","opposition"
9,2026-05-27,"Indikator",1904,109,"mp","MP","MP","Green Party",6.1,"#83cf39","opposition"
9,2026-05-27,"Indikator",1904,109,"sd","SD","SD","Sweden Democrats",20.4,"#ffd500","tido"
9,2026-05-27,"Indikator",1904,109,"oth","oth","Other","Other parties",1.9,"#8a8f98","other"
8,2026-05-28,"Demoskop",2081,108,"m","M","M","Moderates",16.7,"#1b49a0","tido"
8,2026-05-28,"Demoskop",2081,108,"l","L","L","Liberals",3.1,"#006ab3","tido"
8,2026-05-28,"Demoskop",2081,108,"c","C","C","Centre Party",6,"#009933","opposition"
8,2026-05-28,"Demoskop",2081,108,"kd","KD","KD","Christian Democrats",5.7,"#005baa","tido"
8,2026-05-28,"Demoskop",2081,108,"s","S","S","Social Democrats",31.9,"#e11931","opposition"
8,2026-05-28,"Demoskop",2081,108,"v","V","V","Left Party",7.6,"#da291c","opposition"
8,2026-05-28,"Demoskop",2081,108,"mp","MP","MP","Green Party",8.1,"#83cf39","opposition"
8,2026-05-28,"Demoskop",2081,108,"sd","SD","SD","Sweden Democrats",19,"#ffd500","tido"
8,2026-05-28,"Demoskop",2081,108,"oth","oth","Other","Other parties",1.9,"#8a8f98","other"
7,2026-06-04,"SCB",4542,101,"m","M","M","Moderates",17.3,"#1b49a0","tido"
7,2026-06-04,"SCB",4542,101,"l","L","L","Liberals",2.5,"#006ab3","tido"
7,2026-06-04,"SCB",4542,101,"c","C","C","Centre Party",6.1,"#009933","opposition"
7,2026-06-04,"SCB",4542,101,"kd","KD","KD","Christian Democrats",4.5,"#005baa","tido"
7,2026-06-04,"SCB",4542,101,"s","S","S","Social Democrats",33.9,"#e11931","opposition"
7,2026-06-04,"SCB",4542,101,"v","V","V","Left Party",8.6,"#da291c","opposition"
7,2026-06-04,"SCB",4542,101,"mp","MP","MP","Green Party",6.6,"#83cf39","opposition"
7,2026-06-04,"SCB",4542,101,"sd","SD","SD","Sweden Democrats",18.3,"#ffd500","tido"
7,2026-06-04,"SCB",4542,101,"oth","oth","Other","Other parties",2.2,"#8a8f98","other"
6,2026-06-13,"Sifo",3011,92,"m","M","M","Moderates",17.1,"#1b49a0","tido"
6,2026-06-13,"Sifo",3011,92,"l","L","L","Liberals",2,"#006ab3","tido"
6,2026-06-13,"Sifo",3011,92,"c","C","C","Centre Party",5.4,"#009933","opposition"
6,2026-06-13,"Sifo",3011,92,"kd","KD","KD","Christian Democrats",6,"#005baa","tido"
6,2026-06-13,"Sifo",3011,92,"s","S","S","Social Democrats",31.6,"#e11931","opposition"
6,2026-06-13,"Sifo",3011,92,"v","V","V","Left Party",8.7,"#da291c","opposition"
6,2026-06-13,"Sifo",3011,92,"mp","MP","MP","Green Party",7.8,"#83cf39","opposition"
6,2026-06-13,"Sifo",3011,92,"sd","SD","SD","Sweden Democrats",18.9,"#ffd500","tido"
6,2026-06-13,"Sifo",3011,92,"oth","oth","Other","Other parties",2.5,"#8a8f98","other"
5,2026-06-16,"Ipsos",1619,89,"m","M","M","Moderates",17,"#1b49a0","tido"
5,2026-06-16,"Ipsos",1619,89,"l","L","L","Liberals",1,"#006ab3","tido"
5,2026-06-16,"Ipsos",1619,89,"c","C","C","Centre Party",6,"#009933","opposition"
5,2026-06-16,"Ipsos",1619,89,"kd","KD","KD","Christian Democrats",6,"#005baa","tido"
5,2026-06-16,"Ipsos",1619,89,"s","S","S","Social Democrats",31,"#e11931","opposition"
5,2026-06-16,"Ipsos",1619,89,"v","V","V","Left Party",10,"#da291c","opposition"
5,2026-06-16,"Ipsos",1619,89,"mp","MP","MP","Green Party",7,"#83cf39","opposition"
5,2026-06-16,"Ipsos",1619,89,"sd","SD","SD","Sweden Democrats",19,"#ffd500","tido"
5,2026-06-16,"Ipsos",1619,89,"oth","oth","Other","Other parties",3,"#8a8f98","other"
4,2026-06-17,"Novus",5962,88,"m","M","M","Moderates",16.6,"#1b49a0","tido"
4,2026-06-17,"Novus",5962,88,"l","L","L","Liberals",2.2,"#006ab3","tido"
4,2026-06-17,"Novus",5962,88,"c","C","C","Centre Party",6.1,"#009933","opposition"
4,2026-06-17,"Novus",5962,88,"kd","KD","KD","Christian Democrats",5.6,"#005baa","tido"
4,2026-06-17,"Novus",5962,88,"s","S","S","Social Democrats",32.6,"#e11931","opposition"
4,2026-06-17,"Novus",5962,88,"v","V","V","Left Party",8.9,"#da291c","opposition"
4,2026-06-17,"Novus",5962,88,"mp","MP","MP","Green Party",6.4,"#83cf39","opposition"
4,2026-06-17,"Novus",5962,88,"sd","SD","SD","Sweden Democrats",20,"#ffd500","tido"
4,2026-06-17,"Novus",5962,88,"oth","oth","Other","Other parties",1.6,"#8a8f98","other"
3,2026-06-22,"Sentio",816,83,"m","M","M","Moderates",16.8,"#1b49a0","tido"
3,2026-06-22,"Sentio",816,83,"l","L","L","Liberals",2.1,"#006ab3","tido"
3,2026-06-22,"Sentio",816,83,"c","C","C","Centre Party",6.3,"#009933","opposition"
3,2026-06-22,"Sentio",816,83,"kd","KD","KD","Christian Democrats",5.3,"#005baa","tido"
3,2026-06-22,"Sentio",816,83,"s","S","S","Social Democrats",30.2,"#e11931","opposition"
3,2026-06-22,"Sentio",816,83,"v","V","V","Left Party",8,"#da291c","opposition"
3,2026-06-22,"Sentio",816,83,"mp","MP","MP","Green Party",8.6,"#83cf39","opposition"
3,2026-06-22,"Sentio",816,83,"sd","SD","SD","Sweden Democrats",21.5,"#ffd500","tido"
3,2026-06-22,"Sentio",816,83,"oth","oth","Other","Other parties",1.2,"#8a8f98","other"
2,2026-06-23,"Demoskop",2016,82,"m","M","M","Moderates",16.3,"#1b49a0","tido"
2,2026-06-23,"Demoskop",2016,82,"l","L","L","Liberals",2.9,"#006ab3","tido"
2,2026-06-23,"Demoskop",2016,82,"c","C","C","Centre Party",6.2,"#009933","opposition"
2,2026-06-23,"Demoskop",2016,82,"kd","KD","KD","Christian Democrats",6.5,"#005baa","tido"
2,2026-06-23,"Demoskop",2016,82,"s","S","S","Social Democrats",31.3,"#e11931","opposition"
2,2026-06-23,"Demoskop",2016,82,"v","V","V","Left Party",7.6,"#da291c","opposition"
2,2026-06-23,"Demoskop",2016,82,"mp","MP","MP","Green Party",7.6,"#83cf39","opposition"
2,2026-06-23,"Demoskop",2016,82,"sd","SD","SD","Sweden Democrats",19.4,"#ffd500","tido"
2,2026-06-23,"Demoskop",2016,82,"oth","oth","Other","Other parties",2.2,"#8a8f98","other"
1,2026-06-24,"Indikator",1751,81,"m","M","M","Moderates",17.7,"#1b49a0","tido"
1,2026-06-24,"Indikator",1751,81,"l","L","L","Liberals",1.7,"#006ab3","tido"
1,2026-06-24,"Indikator",1751,81,"c","C","C","Centre Party",7,"#009933","opposition"
1,2026-06-24,"Indikator",1751,81,"kd","KD","KD","Christian Democrats",6.1,"#005baa","tido"
1,2026-06-24,"Indikator",1751,81,"s","S","S","Social Democrats",32.5,"#e11931","opposition"
1,2026-06-24,"Indikator",1751,81,"v","V","V","Left Party",7.8,"#da291c","opposition"
1,2026-06-24,"Indikator",1751,81,"mp","MP","MP","Green Party",6.3,"#83cf39","opposition"
1,2026-06-24,"Indikator",1751,81,"sd","SD","SD","Sweden Democrats",19.2,"#ffd500","tido"
1,2026-06-24,"Indikator",1751,81,"oth","oth","Other","Other parties",1.7,"#8a8f98","other"
